,id,id_str,screen_name,location,description,url,followers_count,friends_count,listed_count,created_at,favourites_count,verified,statuses_count,lang,status,default_profile,default_profile_image,has_extended_profile,name,bot,predicted_results
0,8.16e+17,"""815745789754417152""","""HoustonPokeMap""","""Houston, TX""","""Rare and strong PokŽmon in Houston, TX. See more PokŽmon at https://t.co/dnWuDbFRkt""","""https://t.co/dnWuDbFRkt""",1291,0,10,"""Mon Jan 02 02:25:26 +0000 2017""",0,False,78554,"""en""","{      ""created_at"": ""Sun Mar 12 15:44:04 +0000 2017"",      ""id"": 840951532543737900,      ""id_str"": ""840951532543737856"",      ""text"": ""[Southeast Houston] Chansey (F) (IV: 73%) until 11:11:37AM at 2511 Winbern St https://t.co/HYRIyq4mF7 https://t.co/bydOOKsEEI"",      ""truncated"": false,      ""entities"":  {        ""hashtags"":  [],        ""symbols"":  [],        ""user_mentions"":  [],        ""urls"":  [           {            ""url"": ""https://t.co/HYRIyq4mF7"",            ""expanded_url"": ""https://houstonpokemap.com/#29.73067033,-95.36610821"",            ""display_url"": ""houstonpokemap.com/#29.73067033,-É"",            ""indices"":  [              78,              101            ]          },           {            ""url"": ""https://t.co/bydOOKsEEI"",            ""expanded_url"": ""https://maps.google.com/maps?q=29.73067033,-95.36610821"",            ""display_url"": ""maps.google.com/maps?q=29.7306É"",            ""indices"":  [              102,              125            ]          }        ]      },      ""source"": ""<a href=""http://HoustonPokeMap.com"" rel=""nofollow"">HoustonPokeMap</a>"",      ""in_reply_to_status_id"": null,      ""in_reply_to_status_id_str"": null,      ""in_reply_to_user_id"": null,      ""in_reply_to_user_id_str"": null,      ""in_reply_to_screen_name"": null,      ""geo"": null,      ""coordinates"": null,      ""place"": null,      ""contributors"": null,      ""is_quote_status"": false,      ""retweet_count"": 0,      ""favorite_count"": 0,      ""favorited"": false,      ""retweeted"": false,      ""possibly_sensitive"": false,      ""lang"": ""en""    }",True,False,False,"""Houston PokŽ Alert""",1,1
1,4843621225.0,4843621225,kernyeahx,"Templeville town, MD, USA","From late 2014 Socium Marketplace will make shopping for fundamental business services more simple, more cost effective and more about you.",,1,349,0,2/1/2016 7:37,38,False,31,en,,True,False,False,Keri Nelson,1,1
2,4303727112.0,4303727112,mattlieberisbot,,"Inspired by the smart, funny folks at @replyall and @gimletmedia _Ñ¢ Tweets Monday, Wednesday and Friday _Ñ¢ A bot by @ashur",https://t.co/P1e1o0m4KC,1086,0,14,Fri Nov 20 18:53:22 +0000 2015,0,False,713,en,"{'retweeted': False, 'is_quote_status': False, 'favorite_count': 0, 'retweet_count': 0, 'place': None, 'in_reply_to_status_id': None, 'entities': {'urls': [], 'user_mentions': [], 'hashtags': [], 'symbols': []}, 'geo': None, 'id_str': '841317931761975296', 'in_reply_to_screen_name': None, 'text': 'Matt Lieber is a little bit of hot supper afterwards', 'in_reply_to_user_id_str': None, 'source': '<a href=""http://cabreramade.co/mattlieberisbot/"" rel=""nofollow"">Matt Lieber Is Bot</a>', 'truncated': False, 'in_reply_to_user_id': None, 'created_at': 'Mon Mar 13 16:00:00 +0000 2017', 'contributors': None, 'in_reply_to_status_id_str': None, 'lang': 'en', 'id': 841317931761975296, 'favorited': False, 'coordinates': None}",True,False,False,Matt Lieber Is Bot,1,1
3,3063139353.0,3063139353,sc_papers,,,,33,0,8,2/25/2015 20:11,0,False,676,en,Construction of human anti-tetanus single-chain variable fragment applying SYMPLEX technology.? https://t.co/5wJzdUTKOU,True,True,False,single cell papers,1,1
4,2955142070.0,2955142070,lucarivera16,"Dublin, United States",Inspiring cooks everywhere since 1956.,,11,745,0,1/1/2015 17:44,146,False,185,en,,False,False,False,lucarivera16,1,1
5,8.41e+17,8.41E+17,dantheimprover,"Austin, TX","Just a guy trying to do good by telling everyone else to get better,",,1,186,0,13/03/2017 22:53,0,False,11,en,"Status(_api=<tweepy.api.API object at 0x101927e48>, _json={'created_at': 'Mon Mar 13 23:52:02 +0000 2017', 'id': 841436723213139968, 'id_str': '841436723213139968', 'text': 'Has anyone ever tried throwing water on Kellyanne Conway?', 'truncated': False, 'entities': {'hashtags': [], 'symbols': [], 'user_mentions': [], 'urls': []}, 'source': '<a href=""http://twitter.com"" rel=""nofollow"">Twitter Web Client</a>', 'in_reply_to_status_id': None, 'in_reply_to_status_id_str': None, 'in_reply_to_user_id': None, 'in_reply_to_user_id_str': None, 'in_reply_to_screen_name': None, 'geo': None, 'coordinates': None, 'place': None, 'contributors': None, 'is_quote_status': False, 'retweet_count': 0, 'favorite_count': 0, 'favorited': False, 'retweeted': False, 'lang': 'en'}, created_at=datetime.datetime(2017, 3, 13, 23, 52, 2), id=841436723213139968, id_str='841436723213139968', text='Has anyone ever tried throwing water on Kellyanne Conway?', truncated=False, entities={'hashtags': [], 'symbols': [], 'user_mentions': [], 'urls': []}, source='Twitter Web Client', source_url='http://twitter.com', in_reply_to_status_id=None, in_reply_to_status_id_str=None, in_reply_to_user_id=None, in_reply_to_user_id_str=None, in_reply_to_screen_name=None, geo=None, coordinates=None, place=None, contributors=None, is_quote_status=False, retweet_count=0, favorite_count=0, favorited=False, retweeted=False, lang='en')",True,False,True,dantheimprover,1,1
6,2482834658.0,2482834658,_all_of_us_,in a machine.,bot by @rubicon,,193,0,19,Wed May 07 22:29:25 +0000 2014,0,False,6068,en,"{u'contributors': None, u'truncated': False, u'text': u'All of us mostly admire.', u'is_quote_status': False, u'in_reply_to_status_id': None, u'id': 618931154998165505, u'favorite_count': 1, u'source': u'<a href=""http://www.rbknrbkn.com"" rel=""nofollow"">generalizing</a>', u'retweeted': False, u'coordinates': None, u'entities': {u'symbols': [], u'user_mentions': [], u'hashtags': [], u'urls': []}, u'in_reply_to_screen_name': None, u'in_reply_to_user_id': None, u'retweet_count': 2, u'id_str': u'618931154998165505', u'favorited': False, u'geo': None, u'in_reply_to_user_id_str': None, u'lang': u'en', u'created_at': u'Wed Jul 08 23:54:21 +0000 2015', u'in_reply_to_status_id_str': None, u'place': None}",False,False,False,everything always,1,1
7,3333573622.0,3333573622,KatamariItems,,[Bot rolled up by @BeachEpisode] Cataloguing every item from the Katamari series one at a time. ''Human beings are such hoarders'' - Keita Takahashi,,8227,2,89,Thu Jun 18 22:07:31 +0000 2015,26,False,2597,en,"{u'contributors': None, u'truncated': False, u'text': u'Hammock https://t.co/n52CfIPBwO', u'is_quote_status': False, u'in_reply_to_status_id': None, u'id': 817777875126513666, u'favorite_count': 35, u'source': u'<a href=""https://twittimer.com"" rel=""nofollow"">Twittimer</a>', u'retweeted': False, u'coordinates': None, u'entities': {u'symbols': [], u'user_mentions': [], u'hashtags': [], u'urls': [], u'media': [{u'expanded_url': u'https://twitter.com/KatamariItems/status/817777875126513666/photo/1', u'display_url': u'pic.twitter.com/n52CfIPBwO', u'url': u'https://t.co/n52CfIPBwO', u'media_url_https': u'https://pbs.twimg.com/media/C1lUowNVEAEG_K_.jpg', u'id_str': u'817777866456764417', u'sizes': {u'large': {u'h': 361, u'resize': u'fit', u'w': 1043}, u'small': {u'h': 235, u'resize': u'fit', u'w': 680}, u'medium': {u'h': 361, u'resize': u'fit', u'w': 1043}, u'thumb': {u'h': 150, u'resize': u'crop', u'w': 150}}, u'indices': [8, 31], u'type': u'photo', u'id': 817777866456764417, u'media_url': u'http://pbs.twimg.com/media/C1lUowNVEAEG_K_.jpg'}]}, u'in_reply_to_screen_name': None, u'in_reply_to_user_id': None, u'retweet_count': 9, u'id_str': u'817777875126513666', u'favorited': False, u'geo': None, u'in_reply_to_user_id_str': None, u'possibly_sensitive': False, u'lang': u'en', u'created_at': u'Sat Jan 07 17:00:13 +0000 2017', u'in_reply_to_status_id_str': None, u'place': None, u'extended_entities': {u'media': [{u'expanded_url': u'https://twitter.com/KatamariItems/status/817777875126513666/photo/1', u'display_url': u'pic.twitter.com/n52CfIPBwO', u'url': u'https://t.co/n52CfIPBwO', u'media_url_https': u'https://pbs.twimg.com/media/C1lUowNVEAEG_K_.jpg', u'id_str': u'817777866456764417', u'sizes': {u'large': {u'h': 361, u'resize': u'fit', u'w': 1043}, u'small': {u'h': 235, u'resize': u'fit', u'w': 680}, u'medium': {u'h': 361, u'resize': u'fit', u'w': 1043}, u'thumb': {u'h': 150, u'resize': u'crop', u'w': 150}}, u'indices': [8, 31], u'type': u'photo', u'id': 817777866456764417, u'media_url': u'http://pbs.twimg.com/media/C1lUowNVEAEG_K_.jpg'}]}}",True,False,False,Katamari Collection,1,1
8,2996105102.0,2996105102,AutophagyPapers,,Twitterbot for #Autophagy papers. Curated by @SoniaHall,,275,0,17,1/25/2015 17:34,23,False,9922,en,Feeding Schedule And Proteolysis Regulate Autophagic Clearance Of Mutant Huntingtin https://t.co/ZlqDlIY2Vb,False,False,False,Autophagy Papers,1,1
9,3271095818.0,3271095818,HSC_papers,,,,51,3,9,7/7/2015 15:23,0,False,2515,en,Functional Selectivity in Cytokine Signaling Revealed Through a Pathogenic EPO Mutation. https://t.co/u4vR9z9eC9 https://t.co/rkdTIGzdKZ,True,False,False,Hematopoiesis,1,1
10,2717905134.0,2717905134,everycheese,cheese land,"cheese cheese cheese // updates every 4 hours // by @thricedotted, with inspiration from cheese and @mattlaschneider",https://t.co/0cV8vQsQSV,51,1,12,Fri Aug 08 20:23:08 +0000 2014,0,False,111,en,"{u'contributors': None, u'truncated': False, u'text': u'gjetost () http://t.co/QQuxR5jx39', u'is_quote_status': False, u'in_reply_to_status_id': None, u'id': 516808026846547968, u'favorite_count': 1, u'source': u'<a href=""http://twitter.com/everycheese"" rel=""nofollow"">everycheese</a>', u'retweeted': False, u'coordinates': None, u'entities': {u'symbols': [], u'user_mentions': [], u'hashtags': [], u'urls': [], u'media': [{u'expanded_url': u'https://twitter.com/everycheese/status/516808026846547968/photo/1', u'display_url': u'pic.twitter.com/QQuxR5jx39', u'url': u'http://t.co/QQuxR5jx39', u'media_url_https': u'https://pbs.twimg.com/media/BywSKXICAAA6rUS.jpg', u'id_str': u'516808026456457216', u'sizes': {u'small': {u'h': 200, u'resize': u'fit', u'w': 300}, u'large': {u'h': 200, u'resize': u'fit', u'w': 300}, u'medium': {u'h': 200, u'resize': u'fit', u'w': 300}, u'thumb': {u'h': 150, u'resize': u'crop', u'w': 150}}, u'indices': [11, 33], u'type': u'photo', u'id': 516808026456457216, u'media_url': u'http://pbs.twimg.com/media/BywSKXICAAA6rUS.jpg'}]}, u'in_reply_to_screen_name': None, u'in_reply_to_user_id': None, u'retweet_count': 3, u'id_str': u'516808026846547968', u'favorited': False, u'geo': None, u'in_reply_to_user_id_str': None, u'possibly_sensitive': False, u'lang': u'no', u'created_at': u'Tue Sep 30 04:33:30 +0000 2014', u'in_reply_to_status_id_str': None, u'place': None, u'extended_entities': {u'media': [{u'expanded_url': u'https://twitter.com/everycheese/status/516808026846547968/photo/1', u'display_url': u'pic.twitter.com/QQuxR5jx39', u'url': u'http://t.co/QQuxR5jx39', u'media_url_https': u'https://pbs.twimg.com/media/BywSKXICAAA6rUS.jpg', u'id_str': u'516808026456457216', u'sizes': {u'small': {u'h': 200, u'resize': u'fit', u'w': 300}, u'large': {u'h': 200, u'resize': u'fit', u'w': 300}, u'medium': {u'h': 200, u'resize': u'fit', u'w': 300}, u'thumb': {u'h': 150, u'resize': u'crop', u'w': 150}}, u'indices': [11, 33], u'type': u'photo', u'id': 516808026456457216, u'media_url': u'http://pbs.twimg.com/media/BywSKXICAAA6rUS.jpg'}]}}",False,False,False,all of the cheese,1,1
11,2826073429.0,2826073429,gyr_papers,,"Literature bot searching arXiv, biorXiv, PeerJ & PubMed for supercoiling papers. Maintained by @red_gravel.",,2,1,4,9/22/2014 9:46,0,False,230,en,ArXiv: Large-scale chromosome folding versus genomic DNA sequences https://t.co/1P3FQiwWBq,True,True,False,gyrpapers,1,1
12,8.1e+17,8.10E+17,lavon_court,,,None,0,29,0,Sun Mar 12 01:07:25 +0000 2017,0,False,0,en,None,True,True,,Lavon Court,1,1
13,1027583707.0,1027583707,AjstyleAlen,,,None,1,206,0,Sat Dec 22 02:18:49 +0000 2012,0,False,0,en,None,True,True,,Alen Alex,1,1
14,394991274.0,394991274,Rupesh93505,,,None,0,38,0,Sun Mar 12 01:06:00 +0000 2017,0,False,0,en,None,True,True,,Rajesh prajapati,1,1
15,3032363298.0,3032363298,hard_to_yelp,,,,109,0,16,Fri Feb 20 08:23:00 +0000 2015,0,False,16067,en,"{u'contributors': None, u'truncated': False, u'text': u'How hard is it to bag four items.', u'is_quote_status': False, u'in_reply_to_status_id': None, u'id': 841016465063067648, u'favorite_count': 0, u'source': u'<a href=""http://catplanet.cat"" rel=""nofollow"">how hard yelp</a>', u'retweeted': False, u'coordinates': None, u'entities': {u'symbols': [], u'user_mentions': [], u'hashtags': [], u'urls': []}, u'in_reply_to_screen_name': None, u'in_reply_to_user_id': None, u'retweet_count': 0, u'id_str': u'841016465063067648', u'favorited': False, u'geo': None, u'in_reply_to_user_id_str': None, u'lang': u'en', u'created_at': u'Sun Mar 12 20:02:05 +0000 2017', u'in_reply_to_status_id_str': None, u'place': None}",True,False,False,how hard is it to,1,1
16,2568851552.0,2568851552,fuckeverywordza,,"Why wait until 2020 for the Z's? Fucking every word in the English language backwards, from Z to A.",,250,0,25,Sun Jun 15 11:20:31 +0000 2014,0,False,31721,en,"{u'contributors': None, u'truncated': False, u'text': u'fuck refurbishing', u'is_quote_status': False, u'in_reply_to_status_id': None, u'id': 796336552901279744, u'favorite_count': 1, u'source': u'<a href=""http://www.twitter.com"" rel=""nofollow"">Fuck Every Word Z-A</a>', u'retweeted': False, u'coordinates': None, u'entities': {u'symbols': [], u'user_mentions': [], u'hashtags': [], u'urls': []}, u'in_reply_to_screen_name': None, u'in_reply_to_user_id': None, u'retweet_count': 1, u'id_str': u'796336552901279744', u'favorited': False, u'geo': None, u'in_reply_to_user_id_str': None, u'lang': u'en', u'created_at': u'Wed Nov 09 13:00:04 +0000 2016', u'in_reply_to_status_id_str': None, u'place': None}",True,False,False,fuck every word z-a,1,1
17,2954704090.0,2954704090,yeahTonyaGonzal,"Pensacola, USA","Musician, vegan, animal rights activist.",,15,1941,1,1/1/2015 11:47,319,False,406,en,,False,False,False,yeahTonyaGonzal,1,1
18,8.39e+17,8.39E+17,BbbbggU,"_._______________, _________",_______ XXX,,190,1899,0,3/7/2017 22:08,27,False,0,th,,True,True,False,xXx,1,1
19,2835723644.0,2835723644,ecin_gnihtaseod,,"straight-up rip-off of @doesathing_nice, except it's a bot // reports to @thricedotted",https://t.co/iEclQxz694,181,0,24,Tue Sep 30 04:56:09 +0000 2014,0,False,21506,en,"{u'contributors': None, u'truncated': False, u'text': u'@maurabot nice', u'is_quote_status': False, u'in_reply_to_status_id': 712819858912600064, u'id': 712820110931529728, u'favorite_count': 0, u'source': u'<a href=""https://www.twitter.com/ecin_gnihtaseod"" rel=""nofollow"">nice bot</a>', u'retweeted': False, u'coordinates': None, u'entities': {u'symbols': [], u'user_mentions': [{u'id': 2447379738, u'indices': [0, 9], u'id_str': u'2447379738', u'screen_name': u'maurabot', u'name': u'@maurabot'}], u'hashtags': [], u'urls': []}, u'in_reply_to_screen_name': u'maurabot', u'in_reply_to_user_id': 2447379738, u'retweet_count': 0, u'id_str': u'712820110931529728', u'favorited': False, u'geo': None, u'in_reply_to_user_id_str': u'2447379738', u'lang': u'en', u'created_at': u'Thu Mar 24 01:55:32 +0000 2016', u'in_reply_to_status_id_str': u'712819858912600064', u'place': None}",True,True,False,‚ƒÓ‡«äu,1,1
20,1918202534.0,1918202534,tofu_product,,Follow me to chat. // Reflecting your personality back at you since 2013. // By @zhaytee,,10175,11465,199,Sun Sep 29 21:35:03 +0000 2013,328,False,65022,en,"{u'contributors': None, u'truncated': False, u'text': u'@jonathanddownie Daniel Gile is doing sure how I am a dad again.', u'is_quote_status': False, u'in_reply_to_status_id': None, u'id': 809796940183535616, u'favorite_count': 0, u'source': u'<a href=""http://twitter.com/tofu_product"" rel=""nofollow"">tofubot</a>', u'retweeted': False, u'coordinates': None, u'entities': {u'symbols': [], u'user_mentions': [{u'id': 85789543, u'indices': [0, 16], u'id_str': u'85789543', u'screen_name': u'jonathanddownie', u'name': u'Jonathan Downie'}], u'hashtags': [], u'urls': []}, u'in_reply_to_screen_name': u'jonathanddownie', u'in_reply_to_user_id': 85789543, u'retweet_count': 0, u'id_str': u'809796940183535616', u'favorited': False, u'geo': None, u'in_reply_to_user_id_str': u'85789543', u'lang': u'en', u'created_at': u'Fri Dec 16 16:26:50 +0000 2016', u'in_reply_to_status_id_str': None, u'place': None}",True,False,False,tofu,1,1
21,2475875424.0,2475875424,onetruewiseman,AMERICA,The Truest Wisdom (aka trying to make even less sense) from leading Republican presidential candidates for 2016.,,23,4,8,Sat May 03 19:04:37 +0000 2014,4,False,6230,en,"{u'contributors': None, u'truncated': False, u'text': u'Hillary to giveaway poses are entering jobs https://t.co/kxnmb38RuJ #ImWithYou #Americans and lies. https://t.co/FGxSQ5rboc', u'is_quote_status': True, u'in_reply_to_status_id': None, u'id': 771244286780112898, u'favorite_count': 0, u'source': u'<a href=""http://fox.com"" rel=""nofollow"">wiseman bottle2</a>', u'quoted_status_id': 765179912265146368, u'retweeted': False, u'coordinates': None, u'entities': {u'symbols': [], u'user_mentions': [], u'hashtags': [{u'indices': [68, 78], u'text': u'ImWithYou'}, {u'indices': [79, 89], u'text': u'Americans'}], u'urls': [{u'url': u'https://t.co/kxnmb38RuJ', u'indices': [44, 67], u'expanded_url': u'http://www.DonaldJTrump.com', u'display_url': u'DonaldJTrump.com'}, {u'url': u'https://t.co/FGxSQ5rboc', u'indices': [100, 123], u'expanded_url': u'https://twitter.com/GregAbbott_TX/status/765179912265146368', u'display_url': u'twitter.com/GregAbbott_TX/\u2026'}]}, u'in_reply_to_screen_name': None, u'in_reply_to_user_id': None, u'retweet_count': 0, u'id_str': u'771244286780112898', u'favorited': False, u'geo': None, u'in_reply_to_user_id_str': None, u'possibly_sensitive': False, u'lang': u'en', u'created_at': u'Thu Sep 01 07:12:21 +0000 2016', u'quoted_status_id_str': u'765179912265146368', u'in_reply_to_status_id_str': None, u'place': None}",False,False,False,One True Wise Man,1,1
22,1909219404.0,1909219404,everycolorbot,the RGB color space,colors.  all of 'em. | developed by @vogon; feel free to send him feedback/feature requests,https://t.co/ICFGFTYbjQ,106126,0,999,Thu Sep 26 21:22:10 +0000 2013,2,False,30156,en,"{u'contributors': None, u'truncated': False, u'text': u'0x382920 https://t.co/pf1KgxFkxf', u'is_quote_status': False, u'in_reply_to_status_id': None, u'id': 841023835654770689, u'favorite_count': 33, u'source': u'<a href=""http://github.com/vogon/everycolor"" rel=""nofollow"">everycolor.rb</a>', u'retweeted': False, u'coordinates': None, u'entities': {u'symbols': [], u'user_mentions': [], u'hashtags': [], u'urls': [], u'media': [{u'expanded_url': u'https://twitter.com/everycolorbot/status/841023835654770689/photo/1', u'display_url': u'pic.twitter.com/pf1KgxFkxf', u'url': u'https://t.co/pf1KgxFkxf', u'media_url_https': u'https://pbs.twimg.com/media/C6vquJZXAAAmE_o.jpg', u'id_str': u'841023833951895552', u'sizes': {u'small': {u'h': 300, u'resize': u'fit', u'w': 400}, u'large': {u'h': 300, u'resize': u'fit', u'w': 400}, u'medium': {u'h': 300, u'resize': u'fit', u'w': 400}, u'thumb': {u'h': 150, u'resize': u'crop', u'w': 150}}, u'indices': [9, 32], u'type': u'photo', u'id': 841023833951895552, u'media_url': u'http://pbs.twimg.com/media/C6vquJZXAAAmE_o.jpg'}]}, u'in_reply_to_screen_name': None, u'in_reply_to_user_id': None, u'retweet_count': 9, u'id_str': u'841023835654770689', u'favorited': False, u'geo': None, u'in_reply_to_user_id_str': None, u'possibly_sensitive': False, u'lang': u'und', u'created_at': u'Sun Mar 12 20:31:22 +0000 2017', u'in_reply_to_status_id_str': None, u'place': None, u'extended_entities': {u'media': [{u'expanded_url': u'https://twitter.com/everycolorbot/status/841023835654770689/photo/1', u'display_url': u'pic.twitter.com/pf1KgxFkxf', u'url': u'https://t.co/pf1KgxFkxf', u'media_url_https': u'https://pbs.twimg.com/media/C6vquJZXAAAmE_o.jpg', u'id_str': u'841023833951895552', u'sizes': {u'small': {u'h': 300, u'resize': u'fit', u'w': 400}, u'large': {u'h': 300, u'resize': u'fit', u'w': 400}, u'medium': {u'h': 300, u'resize': u'fit', u'w': 400}, u'thumb': {u'h': 150, u'resize': u'crop', u'w': 150}}, u'indices': [9, 32], u'type': u'photo', u'id': 841023833951895552, u'media_url': u'http://pbs.twimg.com/media/C6vquJZXAAAmE_o.jpg'}]}}",True,False,False,Every Color,1,1
23,4040207472.0,4040207472,himawari8bot,Space,Unofficial; imagery courtesy: Japan Meteorological Agency (https://t.co/lzPXaTnMCi) and CIRA (https://t.co/YksnDoJEl8). Bot by @__jcbl__,https://t.co/OSHkLQWgKQ,2302,3,161,Tue Oct 27 23:06:22 +0000 2015,4,False,7640,en,"{'favorited': False, 'id_str': '841137154914975745', 'in_reply_to_screen_name': None, 'retweeted': False, 'is_quote_status': False, 'retweet_count': 2, 'place': None, 'truncated': False, 'coordinates': None, 'extended_entities': {'media': [{'indices': [20, 43], 'media_url_https': 'https://pbs.twimg.com/tweet_video_thumb/C6xRxaQWsAAdOZw.jpg', 'video_info': {'aspect_ratio': [1, 1], 'variants': [{'bitrate': 0, 'content_type': 'video/mp4', 'url': 'https://video.twimg.com/tweet_video/C6xRxaQWsAAdOZw.mp4'}]}, 'media_url': 'http://pbs.twimg.com/tweet_video_thumb/C6xRxaQWsAAdOZw.jpg', 'id': 841137139714797568, 'display_url': 'pic.twitter.com/TZqAA6DYxv', 'id_str': '841137139714797568', 'url': 'https://t.co/TZqAA6DYxv', 'expanded_url': 'https://twitter.com/himawari8bot/status/841137154914975745/photo/1', 'sizes': {'large': {'h': 500, 'resize': 'fit', 'w': 500}, 'thumb': {'h': 150, 'resize': 'crop', 'w': 150}, 'medium': {'h': 500, 'resize': 'fit', 'w': 500}, 'small': {'h': 340, 'resize': 'fit', 'w': 340}}, 'type': 'animated_gif'}]}, 'in_reply_to_user_id_str': None, 'in_reply_to_status_id_str': None, 'lang': 'und', 'contributors': None, 'source': '<a href=""http://iseverythingstilltheworst.com"" rel=""nofollow"">space, jerks.</a>', 'geo': None, 'possibly_sensitive': False, 'entities': {'urls': [], 'media': [{'indices': [20, 43], 'media_url_https': 'https://pbs.twimg.com/tweet_video_thumb/C6xRxaQWsAAdOZw.jpg', 'media_url': 'http://pbs.twimg.com/tweet_video_thumb/C6xRxaQWsAAdOZw.jpg', 'id': 841137139714797568, 'display_url': 'pic.twitter.com/TZqAA6DYxv', 'id_str': '841137139714797568', 'url': 'https://t.co/TZqAA6DYxv', 'expanded_url': 'https://twitter.com/himawari8bot/status/841137154914975745/photo/1', 'sizes': {'large': {'h': 500, 'resize': 'fit', 'w': 500}, 'thumb': {'h': 150, 'resize': 'crop', 'w': 150}, 'medium': {'h': 500, 'resize': 'fit', 'w': 500}, 'small': {'h': 340, 'resize': 'fit', 'w': 340}}, 'type': 'photo'}], 'symbols': [], 'user_mentions': [], 'hashtags': []}, 'in_reply_to_user_id': None, 'text': '2017-03-13T03:50:00 https://t.co/TZqAA6DYxv', 'in_reply_to_status_id': None, 'favorite_count': 1, 'created_at': 'Mon Mar 13 04:01:39 +0000 2017', 'id': 841137154914975745}",False,False,False,himawari8bot,1,1
24,3369547257.0,3369547257,emoji__polls,‰÷•ü,A silly bot by @fourtonfish @botwikidotorg. Image credit: https://t.co/X3tmC9y6oI,https://t.co/OqsKPUkiXl,443,2,17,7/10/2015 18:30,6,False,9584,en,"Status(in_reply_to_user_id=None, place=None, id_str='841302848323371009', coordinates=None, retweet_count=0, lang='und', source_url='http://twitter.com/download/iphone', in_reply_to_screen_name=None, in_reply_to_user_id_str=None, _json={'entities': {'symbols': [], 'urls': [], 'hashtags': [{'indices': [8, 14], 'text': 'emoji'}, {'indices': [15, 20], 'text': 'poll'}], 'user_mentions': []}, 'place': None, 'id_str': '841302848323371009', 'retweet_count': 0, 'lang': 'und', 'in_reply_to_screen_name': None, 'in_reply_to_user_id_str': None, 'is_quote_status': False, 'created_at': 'Mon Mar 13 15:00:04 +0000 2017', 'retweeted': False, 'favorite_count': 0, 'id': 841302848323371009, 'in_reply_to_status_id_str': None, 'truncated': False, 'geo': None, 'favorited': False, 'contributors': None, 'source': '<a href=""http://twitter.com/download/iphone"" rel=""nofollow"">Twitter for iPhone</a>', 'in_reply_to_status_id': None, 'text': '_ÙÔö _Ù÷À _Ù_ _ÙÁ #emoji #poll', 'coordinates': None, 'in_reply_to_user_id': None}, is_quote_status=False, in_reply_to_status_id_str=None, _api=<tweepy.api.API object at 0x0000021DA3D58518>, entities={'symbols': [], 'urls': [], 'hashtags': [{'indices': [8, 14], 'text': 'emoji'}, {'indices': [15, 20], 'text': 'poll'}], 'user_mentions': []}, favorite_count=0, id=841302848323371009, created_at=datetime.datetime(2017, 3, 13, 15, 0, 4), truncated=False, geo=None, favorited=False, contributors=None, source='Twitter for iPhone', text='_ÙÔö _Ù÷À _Ù_ _ÙÁ #emoji #poll', retweeted=False, in_reply_to_status_id=None)",False,False,False,EMOJI POLLS!,1,1
25,2555847008.0,2555847008,everytrolltroll,,exposing the BLATANT HYPOCRISY of @everycanontroll // because @thricedotted was just THAT ANGRY about it,,27,1,10,Mon Jun 09 01:33:19 +0000 2014,0,False,145,en,"{u'contributors': None, u'truncated': False, u'text': u'@everycanontroll @negatendo @silentbicycle @raganwald @aredridel @everyword lsdkfjlskdfjls', u'is_quote_status': False, u'in_reply_to_status_id': 476385355612962816, u'id': 476385987359031296, u'favorite_count': 1, u'source': u'<a href=""http://twitter.com/everytrolltroll"" rel=""nofollow"">everytrolltroll</a>', u'retweeted': False, u'coordinates': None, u'entities': {u'symbols': [], u'user_mentions': [{u'id': 2553203730, u'indices': [0, 16], u'id_str': u'2553203730', u'screen_name': u'everycanontroll', u'name': u'EverywordCanonTroll'}, {u'id': 4518775336, u'indices': [17, 27], u'id_str': u'4518775336', u'screen_name': u'negatendo', u'name': u'negatendo'}, {u'id': 26786635, u'indices': [28, 42], u'id_str': u'26786635', u'screen_name': u'silentbicycle', u'name': u'Scott Vokes'}, {u'id': 18137723, u'indices': [43, 53], u'id_str': u'18137723', u'screen_name': u'raganwald', u'name': u'Reginald deBRAIDEWAD'}, {u'id': 17950990, u'indices': [54, 64], u'id_str': u'17950990', u'screen_name': u'aredridel', u'name': u'Mx. Aria Stewart'}, {u'id': 10729632, u'indices': [65, 75], u'id_str': u'10729632', u'screen_name': u'everyword', u'name': u'everyword'}], u'hashtags': [], u'urls': []}, u'in_reply_to_screen_name': u'everycanontroll', u'in_reply_to_user_id': 2553203730, u'retweet_count': 0, u'id_str': u'476385987359031296', u'favorited': False, u'geo': None, u'in_reply_to_user_id_str': u'2553203730', u'lang': u'tr', u'created_at': u'Tue Jun 10 15:30:44 +0000 2014', u'in_reply_to_status_id_str': u'476385355612962816', u'place': None}",True,False,False,EveryCanonTrollTroll,1,1
26,2520449720.0,2520449720,hyphizer,#botALLY,"New words, from time to time. By @derekarnold",,191,2,19,Sat May 24 13:13:08 +0000 2014,0,False,5684,en,"{u'contributors': None, u'truncated': False, u'text': u'ah-kryp', u'is_quote_status': False, u'in_reply_to_status_id': None, u'id': 813934755108556800, u'favorite_count': 0, u'source': u'<a href=""http://derekarnold.net"" rel=""nofollow"">hyphizer</a>', u'retweeted': False, u'coordinates': None, u'entities': {u'symbols': [], u'user_mentions': [], u'hashtags': [], u'urls': []}, u'in_reply_to_screen_name': None, u'in_reply_to_user_id': None, u'retweet_count': 0, u'id_str': u'813934755108556800', u'favorited': False, u'geo': None, u'in_reply_to_user_id_str': None, u'lang': u'sv', u'created_at': u'Wed Dec 28 02:29:02 +0000 2016', u'in_reply_to_status_id_str': None, u'place': None}",False,False,False,hyphizer,1,1
27,8.29e+17,8.29E+17,GreenwadeGema,,secr,,1,35,1,Mon Feb 06 14:07:17 +0000 2017,54,False,82,en,"{""created_at"": ""Mon Mar 13 02:54:29 +0000 2017"", ""hashtags"": [], ""id"": 841120249948848128, ""id_str"": ""841120249948848128"", ""lang"": ""en"", ""retweet_count"": 2161, ""retweeted_status"": {""created_at"": ""Mon Mar 13 00:16:38 +0000 2017"", ""favorite_count"": 2186, ""hashtags"": [], ""id"": 841080526681313284, ""id_str"": ""841080526681313284"", ""lang"": ""en"", ""retweet_count"": 2161, ""source"": ""<a href=\""http://twitter.com/download/iphone\"" rel=\""nofollow\"">Twitter for iPhone</a>"", ""text"": ""me: have a good break\n\nstudent athlete: I don't get a break \u270a I'll be out here grinding \ud83d\ude08 Imma be chasing \ud83c\udfc3\ud83c\udffd dreams \ud83d\udcadwhile you're lounging \ud83d\udcaf"", ""urls"": [], ""user_mentions"": []}, ""source"": ""<a href=\""http://twitter.com/download/android\"" rel=\""nofollow\"">Twitter for Android</a>"", ""text"": ""RT @theviralmeme: me: have a good break\n\nstudent athlete: I don't get a break \u270a I'll be out here grinding \ud83d\ude08 Imma be chasing \ud83c\udfc3\ud83c\udffd dreams \ud83d\udcadwhil\u2026"", ""urls"": [], ""user_mentions"": [{""id"": 775821010771795968, ""name"": ""memes"", ""screen_name"": ""theviralmeme""}]}",True,False,False,Gema Greenwade,1,1
28,2886558632.0,2886558632,par_papers,,"Twitterbot of #Parasitology papers in PubMed, bioRxiv, and PeerJ PrePrints. Image from http://t.co/zYv7ygHs2U. Run by @FilipHusnik",,651,0,36,11/1/2014 17:27,0,False,19867,en,4-Nitro styrylquinoline is an antimalarial inhibiting multiple stages of Plasmodium falciparum asexual life cycle. https://t.co/m4iF58COgX,False,False,False,Parasitology papers,1,1
29,2787206222.0,2787206222,everyMTGlegend,The Coast Where Wizards Chill,tweeting every legendary MTG card (as of 10/2015) task complete in ~1 year,,37,45,7,Wed Sep 03 03:39:41 +0000 2014,0,False,191,en,"{u'contributors': None, u'truncated': False, u'text': u'Hazezon Tamar When Hazezon Tamar enters the battlefield,..."" https://t.co/8CEa2We862', u'is_quote_status': False, u'in_reply_to_status_id': None, u'id': 684346868000673792, u'favorite_count': 1, u'source': u'<a href=""https://github.com/coleww/adams_song_bot"" rel=""nofollow"">adams_song_finder</a>', u'retweeted': False, u'coordinates': None, u'entities': {u'symbols': [], u'user_mentions': [], u'hashtags': [], u'urls': [{u'url': u'https://t.co/8CEa2We862', u'indices': [61, 84], u'expanded_url': u'http://gatherer.wizards.com/Handlers/Image.ashx?multiverseid=201193&type=card', u'display_url': u'gatherer.wizards.com/Handlers/Image\u2026'}]}, u'in_reply_to_screen_name': None, u'in_reply_to_user_id': None, u'retweet_count': 0, u'id_str': u'684346868000673792', u'favorited': False, u'geo': None, u'in_reply_to_user_id_str': None, u'possibly_sensitive': False, u'lang': u'en', u'created_at': u'Tue Jan 05 12:13:02 +0000 2016', u'in_reply_to_status_id_str': None, u'place': None}",False,False,False,every MTG legend,1,1
30,2364079946.0,2364079946,assembly_papers,,Papers on directed and self assembly,,331,56,36,2/27/2014 12:09,23,False,29989,en,Self-assembled stable sponge-type nanocarries for Brucea javanica oil delivery. https://t.co/Va6vRYJCdX,True,False,False,assemblypapers,1,1
31,3369559252.0,3369559252,DeepDreamThis,"London, England",Tweet me a picture and I'll #deepdream it for you! Tweet '-me' and I'll dream your avatar! List of commands here: http://t.co/BRfLYAkWBA,https://t.co/BvForGsKZn,1327,2,92,Fri Jul 10 17:20:58 +0000 2015,0,False,24199,en,"{'created_at': 'Mon Jun 27 19:29:29 +0000 2016', 'id': 747512192828772352, 'id_str': '747512192828772352', 'text': '@mycotechnologst #deepdream -vortices https://t.co/EetOFh2RIc', 'truncated': False, 'entities': {'hashtags': [{'text': 'deepdream', 'indices': [17, 27]}], 'symbols': [], 'user_mentions': [{'screen_name': 'mycotechnologst', 'name': 'Mycotechnology', 'id': 4427530725, 'id_str': '4427530725', 'indices': [0, 16]}], 'urls': [], 'media': [{'id': 747512190186328064, 'id_str': '747512190186328064', 'indices': [38, 61], 'media_url': 'http://pbs.twimg.com/media/Cl-yYGFUkAAxUuZ.jpg', 'media_url_https': 'https://pbs.twimg.com/media/Cl-yYGFUkAAxUuZ.jpg', 'url': 'https://t.co/EetOFh2RIc', 'display_url': 'pic.twitter.com/EetOFh2RIc', 'expanded_url': 'https://twitter.com/DeepDreamThis/status/747512192828772352/photo/1', 'type': 'photo', 'sizes': {'medium': {'w': 600, 'h': 398, 'resize': 'fit'}, 'small': {'w': 600, 'h': 398, 'resize': 'fit'}, 'thumb': {'w': 150, 'h': 150, 'resize': 'crop'}, 'large': {'w': 600, 'h': 398, 'resize': 'fit'}}}]}, 'extended_entities': {'media': [{'id': 747512190186328064, 'id_str': '747512190186328064', 'indices': [38, 61], 'media_url': 'http://pbs.twimg.com/media/Cl-yYGFUkAAxUuZ.jpg', 'media_url_https': 'https://pbs.twimg.com/media/Cl-yYGFUkAAxUuZ.jpg', 'url': 'https://t.co/EetOFh2RIc', 'display_url': 'pic.twitter.com/EetOFh2RIc', 'expanded_url': 'https://twitter.com/DeepDreamThis/status/747512192828772352/photo/1', 'type': 'photo', 'sizes': {'medium': {'w': 600, 'h': 398, 'resize': 'fit'}, 'small': {'w': 600, 'h': 398, 'resize': 'fit'}, 'thumb': {'w': 150, 'h': 150, 'resize': 'crop'}, 'large': {'w': 600, 'h': 398, 'resize': 'fit'}}}]}, 'source': '<a href=""http://www.alanzucconi.com"" rel=""nofollow"">DeepDreamThis</a>', 'in_reply_to_status_id': 747511380396281856, 'in_reply_to_status_id_str': '747511380396281856', 'in_reply_to_user_id': 4427530725, 'in_reply_to_user_id_str': '4427530725', 'in_reply_to_screen_name': 'mycotechnologst', 'geo': None, 'coordinates': None, 'place': None, 'contributors': None, 'is_quote_status': False, 'retweet_count': 3, 'favorite_count': 5, 'favorited': False, 'retweeted': False, 'possibly_sensitive': False, 'lang': 'en'}",True,False,False,Deep Dream This,1,1
32,1184955668.0,1184955668,baron777111,,,None,0,52,0,Sat Jan 16 05:57:59 +0000 2016,0,False,0,en,None,True,True,,Baron Baugh,1,1
33,4855573727.0,4855573727,BestOpinionPoll,,express your opinion on hopelessly mundane things with the highest-quality polls this side of Twitter. A project by @_Ninji.,,54,0,5,1/28/2016 0:53,2,False,1585,en,"{'created_at': 'Mon Mar 13 17:02:59 +0000 2017', 'id': 841333782762405889, 'id_str': '841333782762405889', 'text': ""[Poll] Today we're ranking Microsoft technical fellows. What's your pick? Cast your vote below!"", 'truncated': False, 'entities': {'hashtags': [], 'symbols': [], 'user_mentions': [], 'urls': []}, 'source': '<a href=""http://twitter.com/download/iphone"" rel=""nofollow"">Twitter for iPhone</a>', 'in_reply_to_status_id': None, 'in_reply_to_status_id_str': None, 'in_reply_to_user_id': None, 'in_reply_to_user_id_str': None, 'in_reply_to_screen_name': None, 'geo': None, 'coordinates': None, 'place': None, 'contributors': None, 'is_quote_status': False, 'retweet_count': 0, 'favorite_count': 0, 'favorited': False, 'retweeted': False, 'lang': 'en'}",True,False,False,Best Opinion Polls,1,1
34,2593449065.0,2593449065,dstroyeveryword,,Destroy every word in the english language. Task complete when the world ends. By @dangeredwolf.,http://t.co/qk2hdG5iAx,4247,2,72,Sun Jun 08 23:52:57 +0000 2014,587,False,109325,en,"{u'contributors': None, u'truncated': False, u'text': u'destroy whitishness', u'is_quote_status': False, u'in_reply_to_status_id': None, u'id': 840787814765727745, u'favorite_count': 0, u'source': u'<a href=""http://tapbots.com/tweetbot"" rel=""nofollow"">Tweetbot for i\u039fS</a>', u'retweeted': False, u'coordinates': None, u'entities': {u'symbols': [], u'user_mentions': [], u'hashtags': [], u'urls': []}, u'in_reply_to_screen_name': None, u'in_reply_to_user_id': None, u'retweet_count': 0, u'id_str': u'840787814765727745', u'favorited': False, u'geo': None, u'in_reply_to_user_id_str': None, u'lang': u'en', u'created_at': u'Sun Mar 12 04:53:30 +0000 2017', u'in_reply_to_status_id_str': None, u'place': None}",False,False,False,destroy every word,1,1
35,7.61e+17,"""761165367985246208""","""917_7513""","""""","""Sports""",,0,54,0,"""Thu Aug 04 11:42:20 +0000 2016""",7,False,18,"""en""","{      ""created_at"": ""Mon Feb 27 17:01:08 +0000 2017"",      ""id"": 836259885130080200,      ""id_str"": ""836259885130080258"",      ""text"": ""Goldberg will become the WWE Universal Champion at #WWEFastlane. Who do you think will win?\nhttps://t.co/O0Ur1U7skS hi"",      ""truncated"": false,      ""entities"": {        ""hashtags"": [          {            ""text"": ""WWEFastlane"",            ""indices"": [              51,              63            ]          }        ],        ""symbols"": [],        ""user_mentions"": [],        ""urls"": [          {            ""url"": ""https://t.co/O0Ur1U7skS"",            ""expanded_url"": ""https://cards.twitter.com/cards/4h4bq/3fo2o"",            ""display_url"": ""cards.twitter.com/cards/4h4bq/3fÉ"",            ""indices"": [              92,              115            ]          }        ]      },      ""source"": ""<a href=""http://twitter.com/download/android"" rel=""nofollow"">Twitter for Android</a>"",      ""in_reply_to_status_id"": null,      ""in_reply_to_status_id_str"": null,      ""in_reply_to_user_id"": null,      ""in_reply_to_user_id_str"": null,      ""in_reply_to_screen_name"": null,      ""geo"": null,      ""coordinates"": null,      ""place"": null,      ""contributors"": null,      ""is_quote_status"": false,      ""retweet_count"": 0,      ""favorite_count"": 0,      ""favorited"": false,      ""retweeted"": false,      ""possibly_sensitive"": false,      ""lang"": ""en""    }",True,True,False,"""(917) 615-7513""",1,1
36,1892842986.0,1892842986,snowcloneminute,,"A mashup of http://t.co/Tdj0YYLDOM and http://t.co/VSKfYVAJ21, another weird Internet thing by @air_hadoken.  Have a snowclone to add? Tweet it @air_hadoken!",http://t.co/ra5ecpWw95,163,2,74,Sun Sep 22 07:42:14 +0000 2013,64,False,552492,en,"{u'contributors': None, u'truncated': False, u'text': u'Once a Earther, always a Earther', u'is_quote_status': False, u'in_reply_to_status_id': None, u'id': 840288221770731522, u'favorite_count': 2, u'source': u'<a href=""http://reassuring-meta.jit.su"" rel=""nofollow"">Snowclone-a-minute</a>', u'retweeted': False, u'coordinates': None, u'entities': {u'symbols': [], u'user_mentions': [], u'hashtags': [], u'urls': []}, u'in_reply_to_screen_name': None, u'in_reply_to_user_id': None, u'retweet_count': 0, u'id_str': u'840288221770731522', u'favorited': False, u'geo': None, u'in_reply_to_user_id_str': None, u'lang': u'en', u'created_at': u'Fri Mar 10 19:48:18 +0000 2017', u'in_reply_to_status_id_str': None, u'place': None}",True,False,False,Snowclone-a-Minute,1,1
37,2540286551.0,2540286551,NESGarbageBot,,Tweets randomly-generated 16x16 images using the NES color palette. Images are resampled for your viewing pleasure.,,32,1,12,Sun May 11 03:58:12 +0000 2014,0,False,6181,en,"{u'contributors': None, u'truncated': False, u'text': u'http://t.co/1OvJ3cg9S6', u'is_quote_status': False, u'in_reply_to_status_id': None, u'id': 562138453068873728, u'favorite_count': 0, u'source': u'<a href=""https://github.com/mispy/twitter_ebooks"" rel=""nofollow"">NES Garbage Bot</a>', u'retweeted': False, u'coordinates': None, u'entities': {u'symbols': [], u'user_mentions': [], u'hashtags': [], u'urls': [], u'media': [{u'expanded_url': u'https://twitter.com/NESGarbageBot/status/562138453068873728/photo/1', u'display_url': u'pic.twitter.com/1OvJ3cg9S6', u'url': u'http://t.co/1OvJ3cg9S6', u'media_url_https': u'https://pbs.twimg.com/media/B80d8deCcAEMx92.png', u'id_str': u'562138453031153665', u'sizes': {u'large': {u'h': 80, u'resize': u'fit', u'w': 80}, u'small': {u'h': 80, u'resize': u'fit', u'w': 80}, u'medium': {u'h': 80, u'resize': u'fit', u'w': 80}, u'thumb': {u'h': 80, u'resize': u'crop', u'w': 80}}, u'indices': [0, 22], u'type': u'photo', u'id': 562138453031153665, u'media_url': u'http://pbs.twimg.com/media/B80d8deCcAEMx92.png'}]}, u'in_reply_to_screen_name': None, u'in_reply_to_user_id': None, u'retweet_count': 0, u'id_str': u'562138453068873728', u'favorited': False, u'geo': None, u'in_reply_to_user_id_str': None, u'possibly_sensitive': False, u'lang': u'und', u'created_at': u'Mon Feb 02 06:40:25 +0000 2015', u'in_reply_to_status_id_str': None, u'place': None, u'extended_entities': {u'media': [{u'expanded_url': u'https://twitter.com/NESGarbageBot/status/562138453068873728/photo/1', u'display_url': u'pic.twitter.com/1OvJ3cg9S6', u'url': u'http://t.co/1OvJ3cg9S6', u'media_url_https': u'https://pbs.twimg.com/media/B80d8deCcAEMx92.png', u'id_str': u'562138453031153665', u'sizes': {u'large': {u'h': 80, u'resize': u'fit', u'w': 80}, u'small': {u'h': 80, u'resize': u'fit', u'w': 80}, u'medium': {u'h': 80, u'resize': u'fit', u'w': 80}, u'thumb': {u'h': 80, u'resize': u'crop', u'w': 80}}, u'indices': [0, 22], u'type': u'photo', u'id': 562138453031153665, u'media_url': u'http://pbs.twimg.com/media/B80d8deCcAEMx92.png'}]}}",True,False,False,NES Garbage Bot,1,1
38,2751246980.0,2751246980,BklynMuseumBot,"Brooklyn, NY","I am a bot that tweets one random object from the Brooklyn Museum collection, four times a day. Bot by @backspace (not affiliated with @brooklynmuseum)",https://t.co/dI4aTIAcQm,903,1,50,8/21/2014 4:08,0,False,3654,en,"Status(contributors=None, truncated=False, text=u'Processional Cross, 13th or 14th century https://t.co/Zsv85PBgO0 https://t.co/Pi4LjyCUJ2', is_quote_status=False, in_reply_to_status_id=None, id=841412315190812673, favorite_count=1, _api=<tweepy.api.API object at 0x10303f6d0>, source=u'Brooklyn Museum Tweet', _json={u'contributors': None, u'truncated': False, u'text': u'Processional Cross, 13th or 14th century https://t.co/Zsv85PBgO0 https://t.co/Pi4LjyCUJ2', u'is_quote_status': False, u'in_reply_to_status_id': None, u'id': 841412315190812673, u'favorite_count': 1, u'source': u'<a href=""http://127.0.0.1"" rel=""nofollow"">Brooklyn Museum Tweet</a>', u'retweeted': False, u'coordinates': None, u'entities': {u'symbols': [], u'user_mentions': [], u'hashtags': [], u'urls': [{u'url': u'https://t.co/Zsv85PBgO0', u'indices': [41, 64], u'expanded_url': u'https://www.brooklynmuseum.org/opencollection/objects/3052', u'display_url': u'brooklynmuseum.org/opencollection\u2026'}], u'media': [{u'expanded_url': u'https://twitter.com/BklynMuseumBot/status/841412315190812673/photo/1', u'display_url': u'pic.twitter.com/Pi4LjyCUJ2', u'url': u'https://t.co/Pi4LjyCUJ2', u'media_url_https': u'https://pbs.twimg.com/media/C61MClVWwAQGvxI.jpg', u'id_str': u'841412312653283332', u'sizes': {u'large': {u'h': 1536, u'resize': u'fit', u'w': 1189}, u'small': {u'h': 680, u'resize': u'fit', u'w': 526}, u'medium': {u'h': 1200, u'resize': u'fit', u'w': 929}, u'thumb': {u'h': 150, u'resize': u'crop', u'w': 150}}, u'indices': [65, 88], u'type': u'photo', u'id': 841412312653283332, u'media_url': u'http://pbs.twimg.com/media/C61MClVWwAQGvxI.jpg'}]}, u'in_reply_to_screen_name': None, u'in_reply_to_user_id': None, u'retweet_count': 0, u'id_str': u'841412315190812673', u'favorited': False, u'geo': None, u'in_reply_to_user_id_str': None, u'possibly_sensitive': False, u'lang': u'en', u'created_at': u'Mon Mar 13 22:15:03 +0000 2017', u'in_reply_to_status_id_str': None, u'place': None, u'extended_entities': {u'media': [{u'expanded_url': u'https://twitter.com/BklynMuseumBot/status/841412315190812673/photo/1', u'display_url': u'pic.twitter.com/Pi4LjyCUJ2', u'url': u'https://t.co/Pi4LjyCUJ2', u'media_url_https': u'https://pbs.twimg.com/media/C61MClVWwAQGvxI.jpg', u'id_str': u'841412312653283332', u'sizes': {u'large': {u'h': 1536, u'resize': u'fit', u'w': 1189}, u'small': {u'h': 680, u'resize': u'fit', u'w': 526}, u'medium': {u'h': 1200, u'resize': u'fit', u'w': 929}, u'thumb': {u'h': 150, u'resize': u'crop', u'w': 150}}, u'indices': [65, 88], u'type': u'photo', u'id': 841412312653283332, u'media_url': u'http://pbs.twimg.com/media/C61MClVWwAQGvxI.jpg'}]}}, coordinates=None, entities={u'symbols': [], u'user_mentions': [], u'hashtags': [], u'urls': [{u'url': u'https://t.co/Zsv85PBgO0', u'indices': [41, 64], u'expanded_url': u'https://www.brooklynmuseum.org/opencollection/objects/3052', u'display_url': u'brooklynmuseum.org/opencollection\u2026'}], u'media': [{u'expanded_url': u'https://twitter.com/BklynMuseumBot/status/841412315190812673/photo/1', u'display_url': u'pic.twitter.com/Pi4LjyCUJ2', u'url': u'https://t.co/Pi4LjyCUJ2', u'media_url_https': u'https://pbs.twimg.com/media/C61MClVWwAQGvxI.jpg', u'id_str': u'841412312653283332', u'sizes': {u'large': {u'h': 1536, u'resize': u'fit', u'w': 1189}, u'small': {u'h': 680, u'resize': u'fit', u'w': 526}, u'medium': {u'h': 1200, u'resize': u'fit', u'w': 929}, u'thumb': {u'h': 150, u'resize': u'crop', u'w': 150}}, u'indices': [65, 88], u'type': u'photo', u'id': 841412312653283332, u'media_url': u'http://pbs.twimg.com/media/C61MClVWwAQGvxI.jpg'}]}, in_reply_to_screen_name=None, id_str=u'841412315190812673', retweet_count=0, in_reply_to_user_id=None, favorited=False, source_url=u'http://127.0.0.1', geo=None, in_reply_to_user_id_str=None, possibly_sensitive=False, lang=u'en', created_at=datetime.datetime(2017, 3, 13, 22, 15, 3), in_reply_to_status_id_str=None, place=None, extended_entities={u'media': [{u'expanded_url': u'https://twitter.com/BklynMuseumBot/status/841412315190812673/photo/1', u'display_url': u'pic.twitter.com/Pi4LjyCUJ2', u'url': u'https://t.co/Pi4LjyCUJ2', u'media_url_https': u'https://pbs.twimg.com/media/C61MClVWwAQGvxI.jpg', u'id_str': u'841412312653283332', u'sizes': {u'large': {u'h': 1536, u'resize': u'fit', u'w': 1189}, u'small': {u'h': 680, u'resize': u'fit', u'w': 526}, u'medium': {u'h': 1200, u'resize': u'fit', u'w': 929}, u'thumb': {u'h': 150, u'resize': u'crop', u'w': 150}}, u'indices': [65, 88], u'type': u'photo', u'id': 841412312653283332, u'media_url': u'http://pbs.twimg.com/media/C61MClVWwAQGvxI.jpg'}]}, retweeted=False)",False,False,False,Brooklyn Museum Bot,1,1
39,7.72e+17,7.72E+17,clitoscope,,A compendium of newly discovered species of clitoris // by @startuple #botALLY,https://t.co/lq7rOoR2LL,108,10,9,9/3/2016 22:40,10,False,537,en,"Status(created_at=datetime.datetime(2017, 3, 13, 16, 21, 16), geo=None, is_quote_status=False, lang='ro', contributors=None, retweet_count=0, favorite_count=1, text='Clitoris gillmanii https://t.co/kPxzFhQQ9M', retweeted=False, truncated=False, id=841323282007773185, extended_entities={'media': [{'sizes': {'small': {'w': 544, 'h': 680, 'resize': 'fit'}, 'thumb': {'w': 150, 'h': 150, 'resize': 'crop'}, 'large': {'w': 1200, 'h': 1500, 'resize': 'fit'}, 'medium': {'w': 960, 'h': 1200, 'resize': 'fit'}}, 'id': 841323278513897473, 'expanded_url': 'https://twitter.com/clitoscope/status/841323282007773185/photo/1', 'media_url_https': 'https://pbs.twimg.com/media/C6z7EHUWgAEyrKf.jpg', 'type': 'photo', 'display_url': 'pic.twitter.com/kPxzFhQQ9M', 'id_str': '841323278513897473', 'media_url': 'http://pbs.twimg.com/media/C6z7EHUWgAEyrKf.jpg', 'indices': [19, 42], 'url': 'https://t.co/kPxzFhQQ9M'}]}, entities={'user_mentions': [], 'urls': [], 'symbols': [], 'media': [{'sizes': {'small': {'w': 544, 'h': 680, 'resize': 'fit'}, 'thumb': {'w': 150, 'h': 150, 'resize': 'crop'}, 'large': {'w': 1200, 'h': 1500, 'resize': 'fit'}, 'medium': {'w': 960, 'h': 1200, 'resize': 'fit'}}, 'id': 841323278513897473, 'expanded_url': 'https://twitter.com/clitoscope/status/841323282007773185/photo/1', 'media_url_https': 'https://pbs.twimg.com/media/C6z7EHUWgAEyrKf.jpg', 'type': 'photo', 'display_url': 'pic.twitter.com/kPxzFhQQ9M', 'id_str': '841323278513897473', 'media_url': 'http://pbs.twimg.com/media/C6z7EHUWgAEyrKf.jpg', 'indices': [19, 42], 'url': 'https://t.co/kPxzFhQQ9M'}], 'hashtags': []}, favorited=False, place=None, source_url='http://startuple.works', coordinates=None, in_reply_to_user_id_str=None, _json={'created_at': 'Mon Mar 13 16:21:16 +0000 2017', 'geo': None, 'is_quote_status': False, 'possibly_sensitive': False, 'lang': 'ro', 'contributors': None, 'retweet_count': 0, 'favorite_count': 1, 'in_reply_to_user_id': None, 'retweeted': False, 'truncated': False, 'id': 841323282007773185, 'extended_entities': {'media': [{'sizes': {'small': {'w': 544, 'h': 680, 'resize': 'fit'}, 'thumb': {'w': 150, 'h': 150, 'resize': 'crop'}, 'large': {'w': 1200, 'h': 1500, 'resize': 'fit'}, 'medium': {'w': 960, 'h': 1200, 'resize': 'fit'}}, 'id': 841323278513897473, 'expanded_url': 'https://twitter.com/clitoscope/status/841323282007773185/photo/1', 'media_url_https': 'https://pbs.twimg.com/media/C6z7EHUWgAEyrKf.jpg', 'type': 'photo', 'display_url': 'pic.twitter.com/kPxzFhQQ9M', 'id_str': '841323278513897473', 'media_url': 'http://pbs.twimg.com/media/C6z7EHUWgAEyrKf.jpg', 'indices': [19, 42], 'url': 'https://t.co/kPxzFhQQ9M'}]}, 'entities': {'user_mentions': [], 'urls': [], 'symbols': [], 'media': [{'sizes': {'small': {'w': 544, 'h': 680, 'resize': 'fit'}, 'thumb': {'w': 150, 'h': 150, 'resize': 'crop'}, 'large': {'w': 1200, 'h': 1500, 'resize': 'fit'}, 'medium': {'w': 960, 'h': 1200, 'resize': 'fit'}}, 'id': 841323278513897473, 'expanded_url': 'https://twitter.com/clitoscope/status/841323282007773185/photo/1', 'media_url_https': 'https://pbs.twimg.com/media/C6z7EHUWgAEyrKf.jpg', 'type': 'photo', 'display_url': 'pic.twitter.com/kPxzFhQQ9M', 'id_str': '841323278513897473', 'media_url': 'http://pbs.twimg.com/media/C6z7EHUWgAEyrKf.jpg', 'indices': [19, 42], 'url': 'https://t.co/kPxzFhQQ9M'}], 'hashtags': []}, 'favorited': False, 'place': None, 'in_reply_to_user_id_str': None, 'in_reply_to_screen_name': None, 'in_reply_to_status_id': None, 'text': 'Clitoris gillmanii https://t.co/kPxzFhQQ9M', 'in_reply_to_status_id_str': None, 'id_str': '841323282007773185', 'coordinates': None, 'source': '<a href=""http://startuple.works"" rel=""nofollow"">Clitoscope</a>'}, in_reply_to_status_id=None, source='Clitoscope', _api=<tweepy.api.API object at 0x7f162b8cf0f0>, possibly_sensitive=False, in_reply_to_status_id_str=None, id_str='841323282007773185', in_reply_to_user_id=None, in_reply_to_screen_name=None)",False,False,False,Clitoris Vulgaris,1,1
40,7.06e+17,7.06E+17,feud_exe,,Name something by @irondavy,,190,1,23,Sat Mar 05 03:44:14 +0000 2016,1,False,4032,en,"{u'contributors': None, u'truncated': False, u'text': u""Name something you might find in a kid's room.\n[38] Orangutan\n[35] Blossom\n[18] Lithium-Air Batteries\n[09] Morale"", u'is_quote_status': False, u'in_reply_to_status_id': None, u'id': 840983466330210308, u'favorite_count': 0, u'source': u'<a href=""http://www.davidcole.me"" rel=""nofollow"">Flamily Feud</a>', u'retweeted': False, u'coordinates': None, u'entities': {u'symbols': [], u'user_mentions': [], u'hashtags': [], u'urls': []}, u'in_reply_to_screen_name': None, u'in_reply_to_user_id': None, u'retweet_count': 1, u'id_str': u'840983466330210308', u'favorited': False, u'geo': None, u'in_reply_to_user_id_str': None, u'lang': u'en', u'created_at': u'Sun Mar 12 17:50:57 +0000 2017', u'in_reply_to_status_id_str': None, u'place': None}",False,False,False,Survey Says,1,1
41,2835394560.0,2835394560,vaporfave,,Tweets ~10 times a day between 8am-10pm PST. Will probably get more vaporwave-y as time goes by. Complaints: @beaugunderson,,675,118,66,Mon Sep 29 03:48:39 +0000 2014,8,False,15437,en,"{u'contributors': None, u'truncated': False, u'text': u'https://t.co/ig2Qu1kBvf', u'is_quote_status': False, u'in_reply_to_status_id': None, u'id': 841025017567571968, u'favorite_count': 0, u'source': u'<a href=""http://beaugunderson.com/vaporfave/"" rel=""nofollow"">Vaporfave</a>', u'retweeted': False, u'coordinates': None, u'entities': {u'symbols': [], u'user_mentions': [], u'hashtags': [], u'urls': [], u'media': [{u'expanded_url': u'https://twitter.com/vaporfave/status/841025017567571968/photo/1', u'display_url': u'pic.twitter.com/ig2Qu1kBvf', u'url': u'https://t.co/ig2Qu1kBvf', u'media_url_https': u'https://pbs.twimg.com/media/C6vry5TVoAAu3cQ.jpg', u'id_str': u'841025015042646016', u'sizes': {u'small': {u'h': 339, u'resize': u'fit', u'w': 680}, u'large': {u'h': 510, u'resize': u'fit', u'w': 1024}, u'medium': {u'h': 510, u'resize': u'fit', u'w': 1024}, u'thumb': {u'h': 150, u'resize': u'crop', u'w': 150}}, u'indices': [0, 23], u'type': u'photo', u'id': 841025015042646016, u'media_url': u'http://pbs.twimg.com/media/C6vry5TVoAAu3cQ.jpg'}]}, u'in_reply_to_screen_name': None, u'in_reply_to_user_id': None, u'retweet_count': 0, u'id_str': u'841025017567571968', u'favorited': False, u'geo': None, u'in_reply_to_user_id_str': None, u'possibly_sensitive': False, u'lang': u'und', u'created_at': u'Sun Mar 12 20:36:04 +0000 2017', u'in_reply_to_status_id_str': None, u'place': None, u'extended_entities': {u'media': [{u'expanded_url': u'https://twitter.com/vaporfave/status/841025017567571968/photo/1', u'display_url': u'pic.twitter.com/ig2Qu1kBvf', u'url': u'https://t.co/ig2Qu1kBvf', u'media_url_https': u'https://pbs.twimg.com/media/C6vry5TVoAAu3cQ.jpg', u'id_str': u'841025015042646016', u'sizes': {u'small': {u'h': 339, u'resize': u'fit', u'w': 680}, u'large': {u'h': 510, u'resize': u'fit', u'w': 1024}, u'medium': {u'h': 510, u'resize': u'fit', u'w': 1024}, u'thumb': {u'h': 150, u'resize': u'crop', u'w': 150}}, u'indices': [0, 23], u'type': u'photo', u'id': 841025015042646016, u'media_url': u'http://pbs.twimg.com/media/C6vry5TVoAAu3cQ.jpg'}]}}",False,False,False,Vaporfave,1,1
42,4825082233.0,4825082233,peabero89,"Van Horn town, TX, USA",Middle age is youth without levity; and age without decay.,,1,340,0,1/28/2016 10:23,33,False,49,en,,True,False,False,peabero89,1,1
43,4452780559.0,4452780559,UcOVJ4xlZaGwtKm,,,,89,1225,0,4/12/2015 12:14,2,False,2,en,"Status(_api=<tweepy.api.API object at 0x101927e48>, _json={'created_at': 'Thu Feb 02 04:31:57 +0000 2017', 'id': 827011652117635072, 'id_str': '827011652117635072', 'text': '«ËÎ¬Š___£ô https://t.co/pl9L1ccTm0', 'truncated': False, 'entities': {'hashtags': [], 'symbols': [], 'user_mentions': [], 'urls': [], 'media': [{'id': 827011561998819329, 'id_str': '827011561998819329', 'indices': [5, 28], 'media_url': 'http://pbs.twimg.com/media/C3oiokoUoAEK-cK.jpg', 'media_url_https': 'https://pbs.twimg.com/media/C3oiokoUoAEK-cK.jpg', 'url': 'https://t.co/pl9L1ccTm0', 'display_url': 'pic.twitter.com/pl9L1ccTm0', 'expanded_url': 'https://twitter.com/UcOVJ4xlZaGwtKm/status/827011652117635072/photo/1', 'type': 'photo', 'sizes': {'medium': {'w': 526, 'h': 701, 'resize': 'fit'}, 'thumb': {'w': 150, 'h': 150, 'resize': 'crop'}, 'large': {'w': 526, 'h': 701, 'resize': 'fit'}, 'small': {'w': 510, 'h': 680, 'resize': 'fit'}}}]}, 'extended_entities': {'media': [{'id': 827011561998819329, 'id_str': '827011561998819329', 'indices': [5, 28], 'media_url': 'http://pbs.twimg.com/media/C3oiokoUoAEK-cK.jpg', 'media_url_https': 'https://pbs.twimg.com/media/C3oiokoUoAEK-cK.jpg', 'url': 'https://t.co/pl9L1ccTm0', 'display_url': 'pic.twitter.com/pl9L1ccTm0', 'expanded_url': 'https://twitter.com/UcOVJ4xlZaGwtKm/status/827011652117635072/photo/1', 'type': 'photo', 'sizes': {'medium': {'w': 526, 'h': 701, 'resize': 'fit'}, 'thumb': {'w': 150, 'h': 150, 'resize': 'crop'}, 'large': {'w': 526, 'h': 701, 'resize': 'fit'}, 'small': {'w': 510, 'h': 680, 'resize': 'fit'}}}, {'id': 827011456042295296, 'id_str': '827011456042295296', 'indices': [5, 28], 'media_url': 'http://pbs.twimg.com/media/C3oiiZ6UYAAKOKa.jpg', 'media_url_https': 'https://pbs.twimg.com/media/C3oiiZ6UYAAKOKa.jpg', 'url': 'https://t.co/pl9L1ccTm0', 'display_url': 'pic.twitter.com/pl9L1ccTm0', 'expanded_url': 'https://twitter.com/UcOVJ4xlZaGwtKm/status/827011652117635072/photo/1', 'type': 'photo', 'sizes': {'medium': {'w': 640, 'h': 772, 'resize': 'fit'}, 'thumb': {'w': 150, 'h': 150, 'resize': 'crop'}, 'small': {'w': 564, 'h': 680, 'resize': 'fit'}, 'large': {'w': 640, 'h': 772, 'resize': 'fit'}}}, {'id': 827011514494128128, 'id_str': '827011514494128128', 'indices': [5, 28], 'media_url': 'http://pbs.twimg.com/media/C3oilzqUkAAtmym.jpg', 'media_url_https': 'https://pbs.twimg.com/media/C3oilzqUkAAtmym.jpg', 'url': 'https://t.co/pl9L1ccTm0', 'display_url': 'pic.twitter.com/pl9L1ccTm0', 'expanded_url': 'https://twitter.com/UcOVJ4xlZaGwtKm/status/827011652117635072/photo/1', 'type': 'photo', 'sizes': {'medium': {'w': 480, 'h': 581, 'resize': 'fit'}, 'thumb': {'w': 150, 'h': 150, 'resize': 'crop'}, 'small': {'w': 480, 'h': 581, 'resize': 'fit'}, 'large': {'w': 480, 'h': 581, 'resize': 'fit'}}}, {'id': 827011514385133568, 'id_str': '827011514385133568', 'indices': [5, 28], 'media_url': 'http://pbs.twimg.com/media/C3oilzQVcAAiYTW.jpg', 'media_url_https': 'https://pbs.twimg.com/media/C3oilzQVcAAiYTW.jpg', 'url': 'https://t.co/pl9L1ccTm0', 'display_url': 'pic.twitter.com/pl9L1ccTm0', 'expanded_url': 'https://twitter.com/UcOVJ4xlZaGwtKm/status/827011652117635072/photo/1', 'type': 'photo', 'sizes': {'large': {'w': 577, 'h': 714, 'resize': 'fit'}, 'thumb': {'w': 150, 'h': 150, 'resize': 'crop'}, 'medium': {'w': 577, 'h': 714, 'resize': 'fit'}, 'small': {'w': 550, 'h': 680, 'resize': 'fit'}}}]}, 'source': '<a href=""http://twitter.com/download/iphone"" rel=""nofollow"">Twitter for iPhone</a>', 'in_reply_to_status_id': None, 'in_reply_to_status_id_str': None, 'in_reply_to_user_id': None, 'in_reply_to_user_id_str': None, 'in_reply_to_screen_name': None, 'geo': None, 'coordinates': None, 'place': None, 'contributors': None, 'is_quote_status': False, 'retweet_count': 1, 'favorite_count': 1, 'favorited': False, 'retweeted': False, 'possibly_sensitive': False, 'lang': 'ja'}, created_at=datetime.datetime(2017, 2, 2, 4, 31, 57), id=827011652117635072, id_str='827011652117635072', text='«ËÎ¬Š___£ô https://t.co/pl9L1ccTm0', truncated=False, entities={'hashtags': [], 'symbols': [], 'user_mentions': [], 'urls': [], 'media': [{'id': 827011561998819329, 'id_str': '827011561998819329', 'indices': [5, 28], 'media_url': 'http://pbs.twimg.com/media/C3oiokoUoAEK-cK.jpg', 'media_url_https': 'https://pbs.twimg.com/media/C3oiokoUoAEK-cK.jpg', 'url': 'https://t.co/pl9L1ccTm0', 'display_url': 'pic.twitter.com/pl9L1ccTm0', 'expanded_url': 'https://twitter.com/UcOVJ4xlZaGwtKm/status/827011652117635072/photo/1', 'type': 'photo', 'sizes': {'medium': {'w': 526, 'h': 701, 'resize': 'fit'}, 'thumb': {'w': 150, 'h': 150, 'resize': 'crop'}, 'large': {'w': 526, 'h': 701, 'resize': 'fit'}, 'small': {'w': 510, 'h': 680, 'resize': 'fit'}}}]}, extended_entities={'media': [{'id': 827011561998819329, 'id_str': '827011561998819329', 'indices': [5, 28], 'media_url': 'http://pbs.twimg.com/media/C3oiokoUoAEK-cK.jpg', 'media_url_https': 'https://pbs.twimg.com/media/C3oiokoUoAEK-cK.jpg', 'url': 'https://t.co/pl9L1ccTm0', 'display_url': 'pic.twitter.com/pl9L1ccTm0', 'expanded_url': 'https://twitter.com/UcOVJ4xlZaGwtKm/status/827011652117635072/photo/1', 'type': 'photo', 'sizes': {'medium': {'w': 526, 'h': 701, 'resize': 'fit'}, 'thumb': {'w': 150, 'h': 150, 'resize': 'crop'}, 'large': {'w': 526, 'h': 701, 'resize': 'fit'}, 'small': {'w': 510, 'h': 680, 'resize': 'fit'}}}, {'id': 827011456042295296, 'id_str': '827011456042295296', 'indices': [5, 28], 'media_url': 'http://pbs.twimg.com/media/C3oiiZ6UYAAKOKa.jpg', 'media_url_https': 'https://pbs.twimg.com/media/C3oiiZ6UYAAKOKa.jpg', 'url': 'https://t.co/pl9L1ccTm0', 'display_url': 'pic.twitter.com/pl9L1ccTm0', 'expanded_url': 'https://twitter.com/UcOVJ4xlZaGwtKm/status/827011652117635072/photo/1', 'type': 'photo', 'sizes': {'medium': {'w': 640, 'h': 772, 'resize': 'fit'}, 'thumb': {'w': 150, 'h': 150, 'resize': 'crop'}, 'small': {'w': 564, 'h': 680, 'resize': 'fit'}, 'large': {'w': 640, 'h': 772, 'resize': 'fit'}}}, {'id': 827011514494128128, 'id_str': '827011514494128128', 'indices': [5, 28], 'media_url': 'http://pbs.twimg.com/media/C3oilzqUkAAtmym.jpg', 'media_url_https': 'https://pbs.twimg.com/media/C3oilzqUkAAtmym.jpg', 'url': 'https://t.co/pl9L1ccTm0', 'display_url': 'pic.twitter.com/pl9L1ccTm0', 'expanded_url': 'https://twitter.com/UcOVJ4xlZaGwtKm/status/827011652117635072/photo/1', 'type': 'photo', 'sizes': {'medium': {'w': 480, 'h': 581, 'resize': 'fit'}, 'thumb': {'w': 150, 'h': 150, 'resize': 'crop'}, 'small': {'w': 480, 'h': 581, 'resize': 'fit'}, 'large': {'w': 480, 'h': 581, 'resize': 'fit'}}}, {'id': 827011514385133568, 'id_str': '827011514385133568', 'indices': [5, 28], 'media_url': 'http://pbs.twimg.com/media/C3oilzQVcAAiYTW.jpg', 'media_url_https': 'https://pbs.twimg.com/media/C3oilzQVcAAiYTW.jpg', 'url': 'https://t.co/pl9L1ccTm0', 'display_url': 'pic.twitter.com/pl9L1ccTm0', 'expanded_url': 'https://twitter.com/UcOVJ4xlZaGwtKm/status/827011652117635072/photo/1', 'type': 'photo', 'sizes': {'large': {'w': 577, 'h': 714, 'resize': 'fit'}, 'thumb': {'w': 150, 'h': 150, 'resize': 'crop'}, 'medium': {'w': 577, 'h': 714, 'resize': 'fit'}, 'small': {'w': 550, 'h': 680, 'resize': 'fit'}}}]}, source='Twitter for iPhone', source_url='http://twitter.com/download/iphone', in_reply_to_status_id=None, in_reply_to_status_id_str=None, in_reply_to_user_id=None, in_reply_to_user_id_str=None, in_reply_to_screen_name=None, geo=None, coordinates=None, place=None, contributors=None, is_quote_status=False, retweet_count=1, favorite_count=1, favorited=False, retweeted=False, possibly_sensitive=False, lang='ja')",True,False,False,_Ö_Îñ«,1,1
44,2821046862.0,2821046862,moonmurmur,the sky and all of space,"[@thricedotted's subconscious, possibly]",https://t.co/iEclQxz694,1076,0,40,Sat Sep 20 05:03:51 +0000 2014,0,False,12674,en,"{u'contributors': None, u'truncated': False, u'text': u'i can only guess the moon is gathering up some sort of nuclear fusions', u'is_quote_status': False, u'in_reply_to_status_id': None, u'id': 760682652739395584, u'favorite_count': 3, u'source': u'<a href=""https://www.twitter.com/moonmurmur"" rel=""nofollow"">moonmurmur</a>', u'retweeted': False, u'coordinates': None, u'entities': {u'symbols': [], u'user_mentions': [], u'hashtags': [], u'urls': []}, u'in_reply_to_screen_name': None, u'in_reply_to_user_id': None, u'retweet_count': 2, u'id_str': u'760682652739395584', u'favorited': False, u'geo': None, u'in_reply_to_user_id_str': None, u'lang': u'en', u'created_at': u'Wed Aug 03 03:44:11 +0000 2016', u'in_reply_to_status_id_str': None, u'place': None}",False,False,False,"whispers, for moon",1,1
45,2477378850.0,2477378850,AttentiveBot,Tended to by @dphiffer,"You may have missed some things, I will help you find them.",https://t.co/ZdrJT42Wuv,399,679,20,Sun May 04 20:46:22 +0000 2014,64,False,26073,en,"{u'contributors': None, u'truncated': False, u'text': u'@IonaWhittaker: https://t.co/Fw7dSVR3aY', u'is_quote_status': True, u'in_reply_to_status_id': None, u'id': 627209439121133568, u'favorite_count': 0, u'source': u'<a href=""http://phiffer.org/tags/attentivebot"" rel=""nofollow"">AttentiveBot</a>', u'quoted_status_id': 626068249789247489, u'retweeted': False, u'coordinates': None, u'entities': {u'symbols': [], u'user_mentions': [{u'id': 765230929002528768, u'indices': [0, 14], u'id_str': u'765230929002528768', u'screen_name': u'IonaWhittaker', u'name': u'Iona Whittaker'}], u'hashtags': [], u'urls': [{u'url': u'https://t.co/Fw7dSVR3aY', u'indices': [16, 39], u'expanded_url': u'https://twitter.com/FOXY_PRODUCTION/statuses/626068249789247489', u'display_url': u'twitter.com/FOXY_PRODUCTIO\u2026'}]}, u'in_reply_to_screen_name': u'RanDianNewYork', u'in_reply_to_user_id': 379298210, u'retweet_count': 0, u'id_str': u'627209439121133568', u'favorited': False, u'geo': None, u'in_reply_to_user_id_str': u'379298210', u'possibly_sensitive': False, u'lang': u'und', u'created_at': u'Fri Jul 31 20:09:17 +0000 2015', u'quoted_status_id_str': u'626068249789247489', u'in_reply_to_status_id_str': None, u'place': None}",False,False,False,AttentiveBot,1,1
46,6.99e+17,6.99E+17,vocalsvt, ‰äÇ VlNTAEGE,"hi! @VlNTAEGE gave you this free follow and i hope you'll follow my main acc, i want to get to know more people! have a good day ‰_•ü",https://t.co/mtIwsCfDXP,394,3537,0,Sun Feb 14 20:43:25 +0000 2016,46,False,349,en,"{'truncated': False, 'entities': {'user_mentions': [{'id': 3368001543, 'name': '‹É_', 'indices': [3, 17], 'screen_name': 'hisboybeliber', 'id_str': '3368001543'}], 'urls': [], 'hashtags': [], 'symbols': []}, 'in_reply_to_status_id_str': None, 'created_at': 'Mon Aug 01 19:32:14 +0000 2016', 'id_str': '760196460671533056', 'in_reply_to_user_id': None, 'retweeted_status': {'truncated': False, 'entities': {'user_mentions': [], 'urls': [], 'hashtags': [], 'symbols': []}, 'in_reply_to_status_id_str': None, 'created_at': 'Mon Aug 01 19:32:08 +0000 2016', 'id_str': '760196435761586176', 'in_reply_to_user_id': None, 'contributors': None, 'favorited': False, 'retweet_count': 111, 'favorite_count': 50, 'place': None, 'in_reply_to_screen_name': None, 'retweeted': False, 'source': '<a href=""http://twitter.com/download/android"" rel=""nofollow"">Twitter for Android</a>', 'lang': 'en', 'in_reply_to_user_id_str': None, 'is_quote_status': False, 'id': 760196435761586176, 'text': 'Retweet if you want to gain followers, turn my notifications on and be active because a gain tweet in 2mins_ÙÕ_', 'coordinates': None, 'in_reply_to_status_id': None, 'geo': None}, 'contributors': None, 'favorited': False, 'retweet_count': 111, 'favorite_count': 0, 'place': None, 'in_reply_to_screen_name': None, 'retweeted': False, 'source': '<a href=""http://twitter.com/download/iphone"" rel=""nofollow"">Twitter for iPhone</a>', 'lang': 'en', 'in_reply_to_user_id_str': None, 'is_quote_status': False, 'id': 760196460671533056, 'text': 'RT @hisboybeliber: Retweet if you want to gain followers, turn my notifications on and be active because a gain tweet in 2mins_ÙÕ_', 'coordinates': None, 'in_reply_to_status_id': None, 'geo': None}",False,False,False,free follow|read bio,1,1
47,8.39e+17,8.39E+17,249_4665,,,,4,96,0,Wed Mar 08 15:26:07 +0000 2017,3,False,0,ar,,True,True,False,+249 11 498 4665,1,1
48,201143023.0,"""201143023""","""Ttimmson74""","""Virginia, USA""","""""",,0,140,0,"""Mon Oct 11 05:12:52 +0000 2010""",2,False,12,"""en""","{      ""created_at"": ""Fri Mar 10 19:35:44 +0000 2017"",      ""id"": 840285058183417900,      ""id_str"": ""840285058183417857"",      ""text"": ""RT @RooMurder: Do nicki know her song only number one cause we been waiting 2 weeks to hear that bullshit ass come back .. https://t.co/lfeÉ"",      ""truncated"": false,      ""entities"":  {        ""hashtags"":  [],        ""symbols"":  [],        ""user_mentions"":  [           {            ""screen_name"": ""RooMurder"",            ""name"": ""Rooch’"",            ""id"": 419465211,            ""id_str"": ""419465211"",            ""indices"":  [              3,              13            ]          }        ],        ""urls"":  []      },      ""source"": ""<a href=""http://twitter.com/download/iphone"" rel=""nofollow"">Twitter for iPhone</a>"",      ""in_reply_to_status_id"": null,      ""in_reply_to_status_id_str"": null,      ""in_reply_to_user_id"": null,      ""in_reply_to_user_id_str"": null,      ""in_reply_to_screen_name"": null,      ""geo"": null,      ""coordinates"": null,      ""place"": null,      ""contributors"": null,      ""retweeted_status"":  {        ""created_at"": ""Fri Mar 10 15:12:42 +0000 2017"",        ""id"": 840218866353614800,        ""id_str"": ""840218866353614849"",        ""text"": ""Do nicki know her song only number one cause we been waiting 2 weeks to hear that bullshit ass come back .. https://t.co/lfeHeiBdYy"",        ""truncated"": false,        ""entities"":  {          ""hashtags"":  [],          ""symbols"":  [],          ""user_mentions"":  [],          ""urls"":  [],          ""media"":  [             {              ""id"": 840218855645429800,              ""id_str"": ""840218855645429760"",              ""indices"":  [                108,                131              ],              ""media_url"": ""http://pbs.twimg.com/ext_tw_video_thumb/840218855645429760/pu/img/zERwvxnWXUsGhP8A.jpg"",              ""media_url_https"": ""https://pbs.twimg.com/ext_tw_video_thumb/840218855645429760/pu/img/zERwvxnWXUsGhP8A.jpg"",              ""url"": ""https://t.co/lfeHeiBdYy"",              ""display_url"": ""pic.twitter.com/lfeHeiBdYy"",              ""expanded_url"": ""https://twitter.com/RooMurder/status/840218866353614849/video/1"",              ""type"": ""photo"",              ""sizes"":  {                ""large"":  {                  ""w"": 480,                  ""h"": 480,                  ""resize"": ""fit""                },                ""small"":  {                  ""w"": 340,                  ""h"": 340,                  ""resize"": ""fit""                },                ""thumb"":  {                  ""w"": 150,                  ""h"": 150,                  ""resize"": ""crop""                },                ""medium"":  {                  ""w"": 480,                  ""h"": 480,                  ""resize"": ""fit""                }              }            }          ]        },        ""extended_entities"":  {          ""media"":  [             {              ""id"": 840218855645429800,              ""id_str"": ""840218855645429760"",              ""indices"":  [                108,                131              ],              ""media_url"": ""http://pbs.twimg.com/ext_tw_video_thumb/840218855645429760/pu/img/zERwvxnWXUsGhP8A.jpg"",              ""media_url_https"": ""https://pbs.twimg.com/ext_tw_video_thumb/840218855645429760/pu/img/zERwvxnWXUsGhP8A.jpg"",              ""url"": ""https://t.co/lfeHeiBdYy"",              ""display_url"": ""pic.twitter.com/lfeHeiBdYy"",              ""expanded_url"": ""https://twitter.com/RooMurder/status/840218866353614849/video/1"",              ""type"": ""video"",              ""sizes"":  {                ""large"":  {                  ""w"": 480,                  ""h"": 480,                  ""resize"": ""fit""                },                ""small"":  {                  ""w"": 340,                  ""h"": 340,                  ""resize"": ""fit""                },                ""thumb"":  {                  ""w"": 150,                  ""h"": 150,                  ""resize"": ""crop""                },                ""medium"":  {                  ""w"": 480,                  ""h"": 480,                  ""resize"": ""fit""                }              },              ""video_info"":  {                ""aspect_ratio"":  [                  1,                  1                ],                ""duration_millis"": 2833,                ""variants"":  [                   {                    ""bitrate"": 832000,                    ""content_type"": ""video/mp4"",                    ""url"": ""https://video.twimg.com/ext_tw_video/840218855645429760/pu/vid/480x480/sGIYrkHn8qaleWR3.mp4""                  },                   {                    ""content_type"": ""application/x-mpegURL"",                    ""url"": ""https://video.twimg.com/ext_tw_video/840218855645429760/pu/pl/nC4DcSIA_BToSm_l.m3u8""                  },                   {                    ""bitrate"": 320000,                    ""content_type"": ""video/mp4"",                    ""url"": ""https://video.twimg.com/ext_tw_video/840218855645429760/pu/vid/240x240/Tcw8PygAAMk9_Vgq.mp4""                  }                ]              },              ""additional_media_info"":  {                ""monetizable"": false              }            }          ]        },        ""source"": ""<a href=""http://twitter.com/download/iphone"" rel=""nofollow"">Twitter for iPhone</a>"",        ""in_reply_to_status_id"": null,        ""in_reply_to_status_id_str"": null,        ""in_reply_to_user_id"": null,        ""in_reply_to_user_id_str"": null,        ""in_reply_to_screen_name"": null,        ""geo"": null,        ""coordinates"": null,        ""place"": null,        ""contributors"": null,        ""is_quote_status"": false,        ""retweet_count"": 501,        ""favorite_count"": 657,        ""favorited"": false,        ""retweeted"": false,        ""possibly_sensitive"": false,        ""lang"": ""en""      },      ""is_quote_status"": false,      ""retweet_count"": 501,      ""favorite_count"": 0,      ""favorited"": false,      ""retweeted"": false,      ""lang"": ""en""    }",True,True,True,"""Tamica brown""",1,1
